<annotation>
	<folder>images</folder>
	<filename>100_64.jpg</filename>
	<path>C:\Users\lenovo\Desktop\major project\images\100_64.jpg</path>
	<source>
		<database>Unknown</database>
	</source>
	<size>
		<width>1600</width>
		<height>1200</height>
		<depth>3</depth>
	</size>
	<segmented>0</segmented>
	<object>
		<name>100</name>
		<pose>Unspecified</pose>
		<truncated>0</truncated>
		<difficult>0</difficult>
		<bndbox>
			<xmin>98</xmin>
			<ymin>276</ymin>
			<xmax>1481</xmax>
			<ymax>927</ymax>
		</bndbox>
	</object>
</annotation>
