<annotation>
	<folder>images</folder>
	<filename>100_33_b.jpg</filename>
	<path>C:\Users\lenovo\Desktop\major project\images\100_33_b.jpg</path>
	<source>
		<database>Unknown</database>
	</source>
	<size>
		<width>1600</width>
		<height>1200</height>
		<depth>3</depth>
	</size>
	<segmented>0</segmented>
	<object>
		<name>100</name>
		<pose>Unspecified</pose>
		<truncated>0</truncated>
		<difficult>0</difficult>
		<bndbox>
			<xmin>132</xmin>
			<ymin>293</ymin>
			<xmax>1349</xmax>
			<ymax>877</ymax>
		</bndbox>
	</object>
</annotation>
