<annotation>
	<folder>images</folder>
	<filename>100_175_b.jpg</filename>
	<path>C:\Users\lenovo\Desktop\major project\images\100_175_b.jpg</path>
	<source>
		<database>Unknown</database>
	</source>
	<size>
		<width>1500</width>
		<height>1500</height>
		<depth>3</depth>
	</size>
	<segmented>0</segmented>
	<object>
		<name>100</name>
		<pose>Unspecified</pose>
		<truncated>0</truncated>
		<difficult>0</difficult>
		<bndbox>
			<xmin>18</xmin>
			<ymin>480</ymin>
			<xmax>1464</xmax>
			<ymax>1154</ymax>
		</bndbox>
	</object>
</annotation>
