<annotation>
	<folder>images</folder>
	<filename>100_61.jpg</filename>
	<path>C:\Users\lenovo\Desktop\major project\images\100_61.jpg</path>
	<source>
		<database>Unknown</database>
	</source>
	<size>
		<width>1600</width>
		<height>1200</height>
		<depth>3</depth>
	</size>
	<segmented>0</segmented>
	<object>
		<name>100</name>
		<pose>Unspecified</pose>
		<truncated>0</truncated>
		<difficult>0</difficult>
		<bndbox>
			<xmin>177</xmin>
			<ymin>267</ymin>
			<xmax>1388</xmax>
			<ymax>862</ymax>
		</bndbox>
	</object>
</annotation>
