<annotation>
	<folder>images</folder>
	<filename>100_66_b.jpg</filename>
	<path>C:\Users\lenovo\Desktop\major project\images\100_66_b.jpg</path>
	<source>
		<database>Unknown</database>
	</source>
	<size>
		<width>960</width>
		<height>1280</height>
		<depth>3</depth>
	</size>
	<segmented>0</segmented>
	<object>
		<name>100</name>
		<pose>Unspecified</pose>
		<truncated>0</truncated>
		<difficult>0</difficult>
		<bndbox>
			<xmin>63</xmin>
			<ymin>482</ymin>
			<xmax>845</xmax>
			<ymax>837</ymax>
		</bndbox>
	</object>
</annotation>
