<annotation>
	<folder>images</folder>
	<filename>100_123.jpg</filename>
	<path>C:\Users\lenovo\Desktop\major project\images\100_123.jpg</path>
	<source>
		<database>Unknown</database>
	</source>
	<size>
		<width>1280</width>
		<height>1280</height>
		<depth>3</depth>
	</size>
	<segmented>0</segmented>
	<object>
		<name>100</name>
		<pose>Unspecified</pose>
		<truncated>0</truncated>
		<difficult>0</difficult>
		<bndbox>
			<xmin>64</xmin>
			<ymin>404</ymin>
			<xmax>1230</xmax>
			<ymax>957</ymax>
		</bndbox>
	</object>
</annotation>
