<annotation>
	<folder>images</folder>
	<filename>100_19.jpg</filename>
	<path>C:\Users\lenovo\Desktop\major project\images\100_19.jpg</path>
	<source>
		<database>Unknown</database>
	</source>
	<size>
		<width>3034</width>
		<height>1309</height>
		<depth>3</depth>
	</size>
	<segmented>0</segmented>
	<object>
		<name>100</name>
		<pose>Unspecified</pose>
		<truncated>1</truncated>
		<difficult>0</difficult>
		<bndbox>
			<xmin>6</xmin>
			<ymin>15</ymin>
			<xmax>3034</xmax>
			<ymax>1309</ymax>
		</bndbox>
	</object>
</annotation>
