<annotation>
	<folder>images</folder>
	<filename>100_85.jpg</filename>
	<path>C:\Users\lenovo\Desktop\major project\images\100_85.jpg</path>
	<source>
		<database>Unknown</database>
	</source>
	<size>
		<width>470</width>
		<height>218</height>
		<depth>3</depth>
	</size>
	<segmented>0</segmented>
	<object>
		<name>100</name>
		<pose>Unspecified</pose>
		<truncated>1</truncated>
		<difficult>0</difficult>
		<bndbox>
			<xmin>1</xmin>
			<ymin>1</ymin>
			<xmax>470</xmax>
			<ymax>218</ymax>
		</bndbox>
	</object>
</annotation>
