<annotation>
	<folder>images</folder>
	<filename>100_1.jpg</filename>
	<path>C:\Users\lenovo\Desktop\major project\images\100_1.jpg</path>
	<source>
		<database>Unknown</database>
	</source>
	<size>
		<width>1060</width>
		<height>537</height>
		<depth>3</depth>
	</size>
	<segmented>0</segmented>
	<object>
		<name>100</name>
		<pose>Unspecified</pose>
		<truncated>0</truncated>
		<difficult>0</difficult>
		<bndbox>
			<xmin>21</xmin>
			<ymin>17</ymin>
			<xmax>1041</xmax>
			<ymax>507</ymax>
		</bndbox>
	</object>
</annotation>
