<annotation>
	<folder>images</folder>
	<filename>100_77.jpg</filename>
	<path>C:\Users\lenovo\Desktop\major project\images\100_77.jpg</path>
	<source>
		<database>Unknown</database>
	</source>
	<size>
		<width>332</width>
		<height>152</height>
		<depth>3</depth>
	</size>
	<segmented>0</segmented>
	<object>
		<name>100</name>
		<pose>Unspecified</pose>
		<truncated>1</truncated>
		<difficult>0</difficult>
		<bndbox>
			<xmin>1</xmin>
			<ymin>1</ymin>
			<xmax>332</xmax>
			<ymax>152</ymax>
		</bndbox>
	</object>
</annotation>
