<annotation>
	<folder>images</folder>
	<filename>100_13.jpg</filename>
	<path>C:\Users\lenovo\Desktop\major project\images\100_13.jpg</path>
	<source>
		<database>Unknown</database>
	</source>
	<size>
		<width>1400</width>
		<height>808</height>
		<depth>3</depth>
	</size>
	<segmented>0</segmented>
	<object>
		<name>100</name>
		<pose>Unspecified</pose>
		<truncated>1</truncated>
		<difficult>0</difficult>
		<bndbox>
			<xmin>90</xmin>
			<ymin>19</ymin>
			<xmax>1400</xmax>
			<ymax>765</ymax>
		</bndbox>
	</object>
</annotation>
