<annotation>
	<folder>images</folder>
	<filename>100_40_b.jpg</filename>
	<path>C:\Users\lenovo\Desktop\major project\images\100_40_b.jpg</path>
	<source>
		<database>Unknown</database>
	</source>
	<size>
		<width>1364</width>
		<height>767</height>
		<depth>3</depth>
	</size>
	<segmented>0</segmented>
	<object>
		<name>100</name>
		<pose>Unspecified</pose>
		<truncated>1</truncated>
		<difficult>0</difficult>
		<bndbox>
			<xmin>86</xmin>
			<ymin>12</ymin>
			<xmax>1364</xmax>
			<ymax>755</ymax>
		</bndbox>
	</object>
</annotation>
