<annotation>
	<folder>images</folder>
	<filename>100_108.jpg</filename>
	<path>C:\Users\lenovo\Desktop\major project\images\100_108.jpg</path>
	<source>
		<database>Unknown</database>
	</source>
	<size>
		<width>1280</width>
		<height>1280</height>
		<depth>3</depth>
	</size>
	<segmented>0</segmented>
	<object>
		<name>100</name>
		<pose>Unspecified</pose>
		<truncated>0</truncated>
		<difficult>0</difficult>
		<bndbox>
			<xmin>21</xmin>
			<ymin>426</ymin>
			<xmax>1253</xmax>
			<ymax>1016</ymax>
		</bndbox>
	</object>
</annotation>
