<annotation>
	<folder>images</folder>
	<filename>10_106.jpg</filename>
	<path>C:\Users\lenovo\Desktop\major project\images\10_106.jpg</path>
	<source>
		<database>Unknown</database>
	</source>
	<size>
		<width>1280</width>
		<height>1158</height>
		<depth>3</depth>
	</size>
	<segmented>0</segmented>
	<object>
		<name>10</name>
		<pose>Unspecified</pose>
		<truncated>0</truncated>
		<difficult>0</difficult>
		<bndbox>
			<xmin>148</xmin>
			<ymin>511</ymin>
			<xmax>1128</xmax>
			<ymax>1039</ymax>
		</bndbox>
	</object>
</annotation>
