<annotation>
	<folder>images</folder>
	<filename>10_10_b.jpg</filename>
	<path>C:\Users\lenovo\Desktop\major project\images\10_10_b.jpg</path>
	<source>
		<database>Unknown</database>
	</source>
	<size>
		<width>1280</width>
		<height>767</height>
		<depth>3</depth>
	</size>
	<segmented>0</segmented>
	<object>
		<name>10</name>
		<pose>Unspecified</pose>
		<truncated>0</truncated>
		<difficult>0</difficult>
		<bndbox>
			<xmin>93</xmin>
			<ymin>144</ymin>
			<xmax>1181</xmax>
			<ymax>667</ymax>
		</bndbox>
	</object>
</annotation>
