<annotation>
	<folder>images</folder>
	<filename>10_14_b.jpg</filename>
	<path>C:\Users\lenovo\Desktop\major project\images\10_14_b.jpg</path>
	<source>
		<database>Unknown</database>
	</source>
	<size>
		<width>1280</width>
		<height>477</height>
		<depth>3</depth>
	</size>
	<segmented>0</segmented>
	<object>
		<name>10</name>
		<pose>Unspecified</pose>
		<truncated>1</truncated>
		<difficult>0</difficult>
		<bndbox>
			<xmin>106</xmin>
			<ymin>38</ymin>
			<xmax>1063</xmax>
			<ymax>477</ymax>
		</bndbox>
	</object>
</annotation>
