<annotation>
	<folder>images</folder>
	<filename>10_15.jpg</filename>
	<path>C:\Users\lenovo\Desktop\major project\images\10_15.jpg</path>
	<source>
		<database>Unknown</database>
	</source>
	<size>
		<width>1178</width>
		<height>865</height>
		<depth>3</depth>
	</size>
	<segmented>0</segmented>
	<object>
		<name>10</name>
		<pose>Unspecified</pose>
		<truncated>0</truncated>
		<difficult>0</difficult>
		<bndbox>
			<xmin>7</xmin>
			<ymin>167</ymin>
			<xmax>1089</xmax>
			<ymax>735</ymax>
		</bndbox>
	</object>
</annotation>
