<annotation>
	<folder>images</folder>
	<filename>10_138_b - Copy.jpg</filename>
	<path>C:\Users\lenovo\Desktop\major project\images\10_138_b - Copy.jpg</path>
	<source>
		<database>Unknown</database>
	</source>
	<size>
		<width>1500</width>
		<height>1500</height>
		<depth>3</depth>
	</size>
	<segmented>0</segmented>
	<object>
		<name>10</name>
		<pose>Unspecified</pose>
		<truncated>0</truncated>
		<difficult>0</difficult>
		<bndbox>
			<xmin>109</xmin>
			<ymin>537</ymin>
			<xmax>1418</xmax>
			<ymax>1183</ymax>
		</bndbox>
	</object>
</annotation>
