<annotation>
	<folder>images</folder>
	<filename>10_107_b.jpg</filename>
	<path>C:\Users\lenovo\Desktop\major project\images\10_107_b.jpg</path>
	<source>
		<database>Unknown</database>
	</source>
	<size>
		<width>1280</width>
		<height>1075</height>
		<depth>3</depth>
	</size>
	<segmented>0</segmented>
	<object>
		<name>10</name>
		<pose>Unspecified</pose>
		<truncated>0</truncated>
		<difficult>0</difficult>
		<bndbox>
			<xmin>201</xmin>
			<ymin>82</ymin>
			<xmax>1172</xmax>
			<ymax>530</ymax>
		</bndbox>
	</object>
</annotation>
