<annotation>
	<folder>images</folder>
	<filename>10_17.jpg</filename>
	<path>C:\Users\lenovo\Desktop\major project\images\10_17.jpg</path>
	<source>
		<database>Unknown</database>
	</source>
	<size>
		<width>1262</width>
		<height>923</height>
		<depth>3</depth>
	</size>
	<segmented>0</segmented>
	<object>
		<name>10</name>
		<pose>Unspecified</pose>
		<truncated>0</truncated>
		<difficult>0</difficult>
		<bndbox>
			<xmin>46</xmin>
			<ymin>269</ymin>
			<xmax>1165</xmax>
			<ymax>823</ymax>
		</bndbox>
	</object>
</annotation>
