<annotation>
	<folder>images</folder>
	<filename>10_13_b - Copy.jpg</filename>
	<path>C:\Users\lenovo\Desktop\major project\images\10_13_b - Copy.jpg</path>
	<source>
		<database>Unknown</database>
	</source>
	<size>
		<width>1280</width>
		<height>890</height>
		<depth>3</depth>
	</size>
	<segmented>0</segmented>
	<object>
		<name>10</name>
		<pose>Unspecified</pose>
		<truncated>0</truncated>
		<difficult>0</difficult>
		<bndbox>
			<xmin>166</xmin>
			<ymin>201</ymin>
			<xmax>1239</xmax>
			<ymax>701</ymax>
		</bndbox>
	</object>
</annotation>
