<annotation>
	<folder>images</folder>
	<filename>10_172.jpg</filename>
	<path>C:\Users\lenovo\Desktop\major project\images\10_172.jpg</path>
	<source>
		<database>Unknown</database>
	</source>
	<size>
		<width>1600</width>
		<height>1200</height>
		<depth>3</depth>
	</size>
	<segmented>0</segmented>
	<object>
		<name>10</name>
		<pose>Unspecified</pose>
		<truncated>0</truncated>
		<difficult>0</difficult>
		<bndbox>
			<xmin>250</xmin>
			<ymin>192</ymin>
			<xmax>1397</xmax>
			<ymax>757</ymax>
		</bndbox>
	</object>
</annotation>
