<annotation>
	<folder>images</folder>
	<filename>10_111_b.jpg</filename>
	<path>C:\Users\lenovo\Desktop\major project\images\10_111_b.jpg</path>
	<source>
		<database>Unknown</database>
	</source>
	<size>
		<width>1280</width>
		<height>1115</height>
		<depth>3</depth>
	</size>
	<segmented>0</segmented>
	<object>
		<name>10</name>
		<pose>Unspecified</pose>
		<truncated>0</truncated>
		<difficult>0</difficult>
		<bndbox>
			<xmin>205</xmin>
			<ymin>443</ymin>
			<xmax>1140</xmax>
			<ymax>923</ymax>
		</bndbox>
	</object>
</annotation>
