<annotation>
	<folder>images</folder>
	<filename>10_1_b.jpg</filename>
	<path>C:\Users\lenovo\Desktop\major project\images\10_1_b.jpg</path>
	<source>
		<database>Unknown</database>
	</source>
	<size>
		<width>1280</width>
		<height>646</height>
		<depth>3</depth>
	</size>
	<segmented>0</segmented>
	<object>
		<name>10</name>
		<pose>Unspecified</pose>
		<truncated>0</truncated>
		<difficult>0</difficult>
		<bndbox>
			<xmin>143</xmin>
			<ymin>136</ymin>
			<xmax>1193</xmax>
			<ymax>609</ymax>
		</bndbox>
	</object>
</annotation>
