<annotation>
	<folder>images</folder>
	<filename>10_12.jpg</filename>
	<path>C:\Users\lenovo\Desktop\major project\images\10_12.jpg</path>
	<source>
		<database>Unknown</database>
	</source>
	<size>
		<width>1280</width>
		<height>569</height>
		<depth>3</depth>
	</size>
	<segmented>0</segmented>
	<object>
		<name>10</name>
		<pose>Unspecified</pose>
		<truncated>0</truncated>
		<difficult>0</difficult>
		<bndbox>
			<xmin>124</xmin>
			<ymin>90</ymin>
			<xmax>1129</xmax>
			<ymax>545</ymax>
		</bndbox>
	</object>
</annotation>
