<annotation>
	<folder>images</folder>
	<filename>10_2.jpg</filename>
	<path>C:\Users\lenovo\Desktop\major project\images\10_2.jpg</path>
	<source>
		<database>Unknown</database>
	</source>
	<size>
		<width>1500</width>
		<height>1500</height>
		<depth>3</depth>
	</size>
	<segmented>0</segmented>
	<object>
		<name>10</name>
		<pose>Unspecified</pose>
		<truncated>0</truncated>
		<difficult>0</difficult>
		<bndbox>
			<xmin>98</xmin>
			<ymin>564</ymin>
			<xmax>1370</xmax>
			<ymax>1170</ymax>
		</bndbox>
	</object>
</annotation>
