<annotation>
	<folder>images</folder>
	<filename>10_22.jpg</filename>
	<path>C:\Users\lenovo\Desktop\major project\images\10_22.jpg</path>
	<source>
		<database>Unknown</database>
	</source>
	<size>
		<width>1500</width>
		<height>1500</height>
		<depth>3</depth>
	</size>
	<segmented>0</segmented>
	<object>
		<name>10</name>
		<pose>Unspecified</pose>
		<truncated>0</truncated>
		<difficult>0</difficult>
		<bndbox>
			<xmin>57</xmin>
			<ymin>446</ymin>
			<xmax>1398</xmax>
			<ymax>1114</ymax>
		</bndbox>
	</object>
</annotation>
