<annotation>
	<folder>images</folder>
	<filename>10_69.jpg</filename>
	<path>C:\Users\lenovo\Desktop\major project\images\10_69.jpg</path>
	<source>
		<database>Unknown</database>
	</source>
	<size>
		<width>1280</width>
		<height>1280</height>
		<depth>3</depth>
	</size>
	<segmented>0</segmented>
	<object>
		<name>10</name>
		<pose>Unspecified</pose>
		<truncated>0</truncated>
		<difficult>0</difficult>
		<bndbox>
			<xmin>69</xmin>
			<ymin>382</ymin>
			<xmax>1214</xmax>
			<ymax>957</ymax>
		</bndbox>
	</object>
</annotation>
