<annotation>
	<folder>images</folder>
	<filename>10_73.jpg</filename>
	<path>C:\Users\lenovo\Desktop\major project\images\10_73.jpg</path>
	<source>
		<database>Unknown</database>
	</source>
	<size>
		<width>1280</width>
		<height>1280</height>
		<depth>3</depth>
	</size>
	<segmented>0</segmented>
	<object>
		<name>10</name>
		<pose>Unspecified</pose>
		<truncated>0</truncated>
		<difficult>0</difficult>
		<bndbox>
			<xmin>87</xmin>
			<ymin>449</ymin>
			<xmax>1205</xmax>
			<ymax>993</ymax>
		</bndbox>
	</object>
</annotation>
