<annotation>
	<folder>images</folder>
	<filename>10_99_b.jpg</filename>
	<path>C:\Users\lenovo\Desktop\major project\images\10_99_b.jpg</path>
	<source>
		<database>Unknown</database>
	</source>
	<size>
		<width>1280</width>
		<height>1087</height>
		<depth>3</depth>
	</size>
	<segmented>0</segmented>
	<object>
		<name>10</name>
		<pose>Unspecified</pose>
		<truncated>0</truncated>
		<difficult>0</difficult>
		<bndbox>
			<xmin>202</xmin>
			<ymin>211</ymin>
			<xmax>1111</xmax>
			<ymax>663</ymax>
		</bndbox>
	</object>
</annotation>
