<annotation>
	<folder>images</folder>
	<filename>10_9_b.jpg</filename>
	<path>C:\Users\lenovo\Desktop\major project\images\10_9_b.jpg</path>
	<source>
		<database>Unknown</database>
	</source>
	<size>
		<width>1280</width>
		<height>693</height>
		<depth>3</depth>
	</size>
	<segmented>0</segmented>
	<object>
		<name>10</name>
		<pose>Unspecified</pose>
		<truncated>0</truncated>
		<difficult>0</difficult>
		<bndbox>
			<xmin>98</xmin>
			<ymin>92</ymin>
			<xmax>1169</xmax>
			<ymax>571</ymax>
		</bndbox>
	</object>
</annotation>
