<annotation>
	<folder>images</folder>
	<filename>10_j (65).jpg</filename>
	<path>C:\Users\lenovo\Desktop\major project\images\10_j (65).jpg</path>
	<source>
		<database>Unknown</database>
	</source>
	<size>
		<width>2000</width>
		<height>1500</height>
		<depth>3</depth>
	</size>
	<segmented>0</segmented>
	<object>
		<name>10</name>
		<pose>Unspecified</pose>
		<truncated>1</truncated>
		<difficult>0</difficult>
		<bndbox>
			<xmin>23</xmin>
			<ymin>406</ymin>
			<xmax>2000</xmax>
			<ymax>1312</ymax>
		</bndbox>
	</object>
</annotation>
