<annotation>
	<folder>images</folder>
	<filename>10_j (72).jpg</filename>
	<path>C:\Users\lenovo\Desktop\major project\images\10_j (72).jpg</path>
	<source>
		<database>Unknown</database>
	</source>
	<size>
		<width>1500</width>
		<height>2000</height>
		<depth>3</depth>
	</size>
	<segmented>0</segmented>
	<object>
		<name>10</name>
		<pose>Unspecified</pose>
		<truncated>0</truncated>
		<difficult>0</difficult>
		<bndbox>
			<xmin>174</xmin>
			<ymin>250</ymin>
			<xmax>1224</xmax>
			<ymax>1937</ymax>
		</bndbox>
	</object>
</annotation>
