<annotation>
	<folder>images</folder>
	<filename>10_op (240).jpg</filename>
	<path>C:\Users\lenovo\Desktop\major project\images\10_op (240).jpg</path>
	<source>
		<database>Unknown</database>
	</source>
	<size>
		<width>640</width>
		<height>352</height>
		<depth>3</depth>
	</size>
	<segmented>0</segmented>
	<object>
		<name>10</name>
		<pose>Unspecified</pose>
		<truncated>1</truncated>
		<difficult>0</difficult>
		<bndbox>
			<xmin>220</xmin>
			<ymin>1</ymin>
			<xmax>400</xmax>
			<ymax>345</ymax>
		</bndbox>
	</object>
</annotation>
