<annotation>
	<folder>images</folder>
	<filename>10_old (101).jpg</filename>
	<path>C:\Users\lenovo\Desktop\major project\images\10_old (101).jpg</path>
	<source>
		<database>Unknown</database>
	</source>
	<size>
		<width>416</width>
		<height>416</height>
		<depth>3</depth>
	</size>
	<segmented>0</segmented>
	<object>
		<name>10</name>
		<pose>Unspecified</pose>
		<truncated>0</truncated>
		<difficult>0</difficult>
		<bndbox>
			<xmin>71</xmin>
			<ymin>117</ymin>
			<xmax>339</xmax>
			<ymax>257</ymax>
		</bndbox>
	</object>
</annotation>
