<annotation>
	<folder>images</folder>
	<filename>10_op (145).jpg</filename>
	<path>C:\Users\lenovo\Desktop\major project\images\10_op (145).jpg</path>
	<source>
		<database>Unknown</database>
	</source>
	<size>
		<width>640</width>
		<height>352</height>
		<depth>3</depth>
	</size>
	<segmented>0</segmented>
	<object>
		<name>10</name>
		<pose>Unspecified</pose>
		<truncated>0</truncated>
		<difficult>0</difficult>
		<bndbox>
			<xmin>67</xmin>
			<ymin>61</ymin>
			<xmax>540</xmax>
			<ymax>332</ymax>
		</bndbox>
	</object>
</annotation>
