<annotation>
	<folder>images</folder>
	<filename>10_old (21).jpg</filename>
	<path>C:\Users\lenovo\Desktop\major project\images\10_old (21).jpg</path>
	<source>
		<database>Unknown</database>
	</source>
	<size>
		<width>600</width>
		<height>480</height>
		<depth>3</depth>
	</size>
	<segmented>0</segmented>
	<object>
		<name>10</name>
		<pose>Unspecified</pose>
		<truncated>1</truncated>
		<difficult>0</difficult>
		<bndbox>
			<xmin>2</xmin>
			<ymin>48</ymin>
			<xmax>600</xmax>
			<ymax>385</ymax>
		</bndbox>
	</object>
</annotation>
