<annotation>
	<folder>images</folder>
	<filename>10_old (51).jpg</filename>
	<path>C:\Users\lenovo\Desktop\major project\images\10_old (51).jpg</path>
	<source>
		<database>Unknown</database>
	</source>
	<size>
		<width>643</width>
		<height>305</height>
		<depth>3</depth>
	</size>
	<segmented>0</segmented>
	<object>
		<name>10</name>
		<pose>Unspecified</pose>
		<truncated>0</truncated>
		<difficult>0</difficult>
		<bndbox>
			<xmin>51</xmin>
			<ymin>22</ymin>
			<xmax>613</xmax>
			<ymax>253</ymax>
		</bndbox>
	</object>
</annotation>
