<annotation>
	<folder>images</folder>
	<filename>10_old (70).jpg</filename>
	<path>C:\Users\lenovo\Desktop\major project\images\10_old (70).jpg</path>
	<source>
		<database>Unknown</database>
	</source>
	<size>
		<width>322</width>
		<height>156</height>
		<depth>3</depth>
	</size>
	<segmented>0</segmented>
	<object>
		<name>10</name>
		<pose>Unspecified</pose>
		<truncated>0</truncated>
		<difficult>0</difficult>
		<bndbox>
			<xmin>10</xmin>
			<ymin>10</ymin>
			<xmax>305</xmax>
			<ymax>146</ymax>
		</bndbox>
	</object>
</annotation>
