<annotation>
	<folder>images</folder>
	<filename>10_old (49).jpg</filename>
	<path>C:\Users\lenovo\Desktop\major project\images\10_old (49).jpg</path>
	<source>
		<database>Unknown</database>
	</source>
	<size>
		<width>584</width>
		<height>326</height>
		<depth>3</depth>
	</size>
	<segmented>0</segmented>
	<object>
		<name>10</name>
		<pose>Unspecified</pose>
		<truncated>0</truncated>
		<difficult>0</difficult>
		<bndbox>
			<xmin>70</xmin>
			<ymin>31</ymin>
			<xmax>530</xmax>
			<ymax>240</ymax>
		</bndbox>
	</object>
</annotation>
