<annotation>
	<folder>images</folder>
	<filename>10_old (121).jpg</filename>
	<path>C:\Users\lenovo\Desktop\major project\images\10_old (121).jpg</path>
	<source>
		<database>Unknown</database>
	</source>
	<size>
		<width>585</width>
		<height>1040</height>
		<depth>3</depth>
	</size>
	<segmented>0</segmented>
	<object>
		<name>10</name>
		<pose>Unspecified</pose>
		<truncated>0</truncated>
		<difficult>0</difficult>
		<bndbox>
			<xmin>66</xmin>
			<ymin>79</ymin>
			<xmax>505</xmax>
			<ymax>958</ymax>
		</bndbox>
	</object>
</annotation>
