<annotation>
	<folder>images</folder>
	<filename>10_old (33).jpg</filename>
	<path>C:\Users\lenovo\Desktop\major project\images\10_old (33).jpg</path>
	<source>
		<database>Unknown</database>
	</source>
	<size>
		<width>643</width>
		<height>345</height>
		<depth>3</depth>
	</size>
	<segmented>0</segmented>
	<object>
		<name>10</name>
		<pose>Unspecified</pose>
		<truncated>0</truncated>
		<difficult>0</difficult>
		<bndbox>
			<xmin>17</xmin>
			<ymin>21</ymin>
			<xmax>638</xmax>
			<ymax>293</ymax>
		</bndbox>
	</object>
</annotation>
