<annotation>
	<folder>images</folder>
	<filename>10_old (43).jpg</filename>
	<path>C:\Users\lenovo\Desktop\major project\images\10_old (43).jpg</path>
	<source>
		<database>Unknown</database>
	</source>
	<size>
		<width>322</width>
		<height>157</height>
		<depth>3</depth>
	</size>
	<segmented>0</segmented>
	<object>
		<name>10</name>
		<pose>Unspecified</pose>
		<truncated>0</truncated>
		<difficult>0</difficult>
		<bndbox>
			<xmin>10</xmin>
			<ymin>7</ymin>
			<xmax>313</xmax>
			<ymax>152</ymax>
		</bndbox>
	</object>
</annotation>
