<annotation>
	<folder>images</folder>
	<filename>10_old (118).jpg</filename>
	<path>C:\Users\lenovo\Desktop\major project\images\10_old (118).jpg</path>
	<source>
		<database>Unknown</database>
	</source>
	<size>
		<width>1280</width>
		<height>942</height>
		<depth>3</depth>
	</size>
	<segmented>0</segmented>
	<object>
		<name>10</name>
		<pose>Unspecified</pose>
		<truncated>0</truncated>
		<difficult>0</difficult>
		<bndbox>
			<xmin>120</xmin>
			<ymin>187</ymin>
			<xmax>1125</xmax>
			<ymax>685</ymax>
		</bndbox>
	</object>
</annotation>
