<annotation>
	<folder>images</folder>
	<filename>10_old (1).jpg</filename>
	<path>C:\Users\lenovo\Desktop\major project\images\10_old (1).jpg</path>
	<source>
		<database>Unknown</database>
	</source>
	<size>
		<width>1131</width>
		<height>556</height>
		<depth>3</depth>
	</size>
	<segmented>0</segmented>
	<object>
		<name>10</name>
		<pose>Unspecified</pose>
		<truncated>1</truncated>
		<difficult>0</difficult>
		<bndbox>
			<xmin>1</xmin>
			<ymin>7</ymin>
			<xmax>1127</xmax>
			<ymax>545</ymax>
		</bndbox>
	</object>
	<object>
		<name>10</name>
		<pose>Unspecified</pose>
		<truncated>0</truncated>
		<difficult>0</difficult>
		<bndbox>
			<xmin>20</xmin>
			<ymin>20</ymin>
			<xmax>1130</xmax>
			<ymax>528</ymax>
		</bndbox>
	</object>
</annotation>
