<annotation>
	<folder>images</folder>
	<filename>10_op (168).jpg</filename>
	<path>C:\Users\lenovo\Desktop\major project\images\10_op (168).jpg</path>
	<source>
		<database>Unknown</database>
	</source>
	<size>
		<width>640</width>
		<height>352</height>
		<depth>3</depth>
	</size>
	<segmented>0</segmented>
	<object>
		<name>10</name>
		<pose>Unspecified</pose>
		<truncated>0</truncated>
		<difficult>0</difficult>
		<bndbox>
			<xmin>18</xmin>
			<ymin>24</ymin>
			<xmax>579</xmax>
			<ymax>319</ymax>
		</bndbox>
	</object>
</annotation>
