<annotation>
	<folder>images</folder>
	<filename>10_old (3).jpg</filename>
	<path>C:\Users\lenovo\Desktop\major project\images\10_old (3).jpg</path>
	<source>
		<database>Unknown</database>
	</source>
	<size>
		<width>225</width>
		<height>125</height>
		<depth>3</depth>
	</size>
	<segmented>0</segmented>
	<object>
		<name>10</name>
		<pose>Unspecified</pose>
		<truncated>0</truncated>
		<difficult>0</difficult>
		<bndbox>
			<xmin>23</xmin>
			<ymin>8</ymin>
			<xmax>202</xmax>
			<ymax>92</ymax>
		</bndbox>
	</object>
</annotation>
