<annotation>
	<folder>images</folder>
	<filename>10_old (119).jpg</filename>
	<path>C:\Users\lenovo\Desktop\major project\images\10_old (119).jpg</path>
	<source>
		<database>Unknown</database>
	</source>
	<size>
		<width>1280</width>
		<height>1080</height>
		<depth>3</depth>
	</size>
	<segmented>0</segmented>
	<object>
		<name>10</name>
		<pose>Unspecified</pose>
		<truncated>0</truncated>
		<difficult>0</difficult>
		<bndbox>
			<xmin>11</xmin>
			<ymin>202</ymin>
			<xmax>1183</xmax>
			<ymax>678</ymax>
		</bndbox>
	</object>
</annotation>
