<annotation>
	<folder>images</folder>
	<filename>10_old (71) - Copy.jpg</filename>
	<path>C:\Users\lenovo\Desktop\major project\images\10_old (71) - Copy.jpg</path>
	<source>
		<database>Unknown</database>
	</source>
	<size>
		<width>303</width>
		<height>167</height>
		<depth>3</depth>
	</size>
	<segmented>0</segmented>
	<object>
		<name>10</name>
		<pose>Unspecified</pose>
		<truncated>0</truncated>
		<difficult>0</difficult>
		<bndbox>
			<xmin>7</xmin>
			<ymin>13</ymin>
			<xmax>284</xmax>
			<ymax>144</ymax>
		</bndbox>
	</object>
</annotation>
