<annotation>
	<folder>images</folder>
	<filename>10_old (65).jpg</filename>
	<path>C:\Users\lenovo\Desktop\major project\images\10_old (65).jpg</path>
	<source>
		<database>Unknown</database>
	</source>
	<size>
		<width>318</width>
		<height>158</height>
		<depth>3</depth>
	</size>
	<segmented>0</segmented>
	<object>
		<name>10</name>
		<pose>Unspecified</pose>
		<truncated>1</truncated>
		<difficult>0</difficult>
		<bndbox>
			<xmin>8</xmin>
			<ymin>13</ymin>
			<xmax>318</xmax>
			<ymax>144</ymax>
		</bndbox>
	</object>
</annotation>
