<annotation>
	<folder>images</folder>
	<filename>10_xyz (88).jpg</filename>
	<path>C:\Users\lenovo\Desktop\major project\images\10_xyz (88).jpg</path>
	<source>
		<database>Unknown</database>
	</source>
	<size>
		<width>416</width>
		<height>416</height>
		<depth>3</depth>
	</size>
	<segmented>0</segmented>
	<object>
		<name>10</name>
		<pose>Unspecified</pose>
		<truncated>1</truncated>
		<difficult>0</difficult>
		<bndbox>
			<xmin>1</xmin>
			<ymin>32</ymin>
			<xmax>416</xmax>
			<ymax>259</ymax>
		</bndbox>
	</object>
</annotation>
