<annotation>
	<folder>images</folder>
	<filename>10_xyz (17).jpg</filename>
	<path>C:\Users\lenovo\Desktop\major project\images\10_xyz (17).jpg</path>
	<source>
		<database>Unknown</database>
	</source>
	<size>
		<width>284</width>
		<height>177</height>
		<depth>3</depth>
	</size>
	<segmented>0</segmented>
	<object>
		<name>10</name>
		<pose>Unspecified</pose>
		<truncated>0</truncated>
		<difficult>0</difficult>
		<bndbox>
			<xmin>22</xmin>
			<ymin>30</ymin>
			<xmax>263</xmax>
			<ymax>154</ymax>
		</bndbox>
	</object>
</annotation>
