<annotation>
	<folder>images</folder>
	<filename>10_xyz (18).jpg</filename>
	<path>C:\Users\lenovo\Desktop\major project\images\10_xyz (18).jpg</path>
	<source>
		<database>Unknown</database>
	</source>
	<size>
		<width>300</width>
		<height>168</height>
		<depth>3</depth>
	</size>
	<segmented>0</segmented>
	<object>
		<name>10</name>
		<pose>Unspecified</pose>
		<truncated>0</truncated>
		<difficult>0</difficult>
		<bndbox>
			<xmin>49</xmin>
			<ymin>6</ymin>
			<xmax>285</xmax>
			<ymax>130</ymax>
		</bndbox>
	</object>
</annotation>
