<annotation>
	<folder>images</folder>
	<filename>10_xyz (5).jpg</filename>
	<path>C:\Users\lenovo\Desktop\major project\images\10_xyz (5).jpg</path>
	<source>
		<database>Unknown</database>
	</source>
	<size>
		<width>250</width>
		<height>202</height>
		<depth>3</depth>
	</size>
	<segmented>0</segmented>
	<object>
		<name>10</name>
		<pose>Unspecified</pose>
		<truncated>0</truncated>
		<difficult>0</difficult>
		<bndbox>
			<xmin>32</xmin>
			<ymin>40</ymin>
			<xmax>212</xmax>
			<ymax>134</ymax>
		</bndbox>
	</object>
</annotation>
