<annotation>
	<folder>images</folder>
	<filename>10_xyz (137).jpg</filename>
	<path>C:\Users\lenovo\Desktop\major project\images\10_xyz (137).jpg</path>
	<source>
		<database>Unknown</database>
	</source>
	<size>
		<width>671</width>
		<height>1280</height>
		<depth>3</depth>
	</size>
	<segmented>0</segmented>
	<object>
		<name>10</name>
		<pose>Unspecified</pose>
		<truncated>0</truncated>
		<difficult>0</difficult>
		<bndbox>
			<xmin>64</xmin>
			<ymin>222</ymin>
			<xmax>659</xmax>
			<ymax>1196</ymax>
		</bndbox>
	</object>
</annotation>
