<annotation>
	<folder>images</folder>
	<filename>10_xyz (132).jpg</filename>
	<path>C:\Users\lenovo\Desktop\major project\images\10_xyz (132).jpg</path>
	<source>
		<database>Unknown</database>
	</source>
	<size>
		<width>1280</width>
		<height>918</height>
		<depth>3</depth>
	</size>
	<segmented>0</segmented>
	<object>
		<name>10</name>
		<pose>Unspecified</pose>
		<truncated>0</truncated>
		<difficult>0</difficult>
		<bndbox>
			<xmin>126</xmin>
			<ymin>151</ymin>
			<xmax>1160</xmax>
			<ymax>681</ymax>
		</bndbox>
	</object>
</annotation>
