<annotation>
	<folder>images</folder>
	<filename>10_xyz (20).jpg</filename>
	<path>C:\Users\lenovo\Desktop\major project\images\10_xyz (20).jpg</path>
	<source>
		<database>Unknown</database>
	</source>
	<size>
		<width>1280</width>
		<height>720</height>
		<depth>3</depth>
	</size>
	<segmented>0</segmented>
	<object>
		<name>10</name>
		<pose>Unspecified</pose>
		<truncated>0</truncated>
		<difficult>0</difficult>
		<bndbox>
			<xmin>37</xmin>
			<ymin>116</ymin>
			<xmax>1221</xmax>
			<ymax>715</ymax>
		</bndbox>
	</object>
</annotation>
