<annotation>
	<folder>images</folder>
	<filename>10_xyz (134).jpg</filename>
	<path>C:\Users\lenovo\Desktop\major project\images\10_xyz (134).jpg</path>
	<source>
		<database>Unknown</database>
	</source>
	<size>
		<width>1280</width>
		<height>1104</height>
		<depth>3</depth>
	</size>
	<segmented>0</segmented>
	<object>
		<name>10</name>
		<pose>Unspecified</pose>
		<truncated>0</truncated>
		<difficult>0</difficult>
		<bndbox>
			<xmin>53</xmin>
			<ymin>194</ymin>
			<xmax>1190</xmax>
			<ymax>745</ymax>
		</bndbox>
	</object>
</annotation>
