<annotation>
	<folder>images</folder>
	<filename>10_xyz (138).jpg</filename>
	<path>C:\Users\lenovo\Desktop\major project\images\10_xyz (138).jpg</path>
	<source>
		<database>Unknown</database>
	</source>
	<size>
		<width>1215</width>
		<height>1280</height>
		<depth>3</depth>
	</size>
	<segmented>0</segmented>
	<object>
		<name>10</name>
		<pose>Unspecified</pose>
		<truncated>0</truncated>
		<difficult>0</difficult>
		<bndbox>
			<xmin>311</xmin>
			<ymin>168</ymin>
			<xmax>892</xmax>
			<ymax>1141</ymax>
		</bndbox>
	</object>
</annotation>
