<annotation>
	<folder>images</folder>
	<filename>10_xyz (170).jpg</filename>
	<path>C:\Users\lenovo\Desktop\major project\images\10_xyz (170).jpg</path>
	<source>
		<database>Unknown</database>
	</source>
	<size>
		<width>1024</width>
		<height>1024</height>
		<depth>3</depth>
	</size>
	<segmented>0</segmented>
	<object>
		<name>10</name>
		<pose>Unspecified</pose>
		<truncated>1</truncated>
		<difficult>0</difficult>
		<bndbox>
			<xmin>6</xmin>
			<ymin>6</ymin>
			<xmax>1024</xmax>
			<ymax>845</ymax>
		</bndbox>
	</object>
</annotation>
